{
  "saveRecord":{
    "_links":"/saveRecord",
    "des":"保存记录",
    "method":"POST",
    "params":[
      {"name":"username", "type":"string","des":"用户名"},
      {"name":"phonenumber", "type":"string","des":"用户手机号"},
      {"name":"time", "type":"string","des":"游戏时间"},
      {"name":"score", "type":"string","des":"分数"},
      {"name":"stage", "type":"string","des":"等级"}
    ]
  },
  "getRank":{
    "_links":"/getRank",
    "des":"获取本月前十名",
    "method":"GET",
    "params":[
    ]
  },
  "listShop":{
    "_links":"/listShop",
    "des":"显示所有合作商户",
    "method":"GET",
    "params":[
    ]
  },
  "listGoods":{
    "_links":"/listGoods",
    "des":"显示某合作商户的所有商品",
    "method":"GET",
    "params":[
      {"name":"id", "type":"string","des":"商户id"}
    ]
  },
  "addShop33067":{
    "_links":"/addShop33067",
    "des":"添加商户",
    "method":"POST",
    "params":[
      {"name":"name", "type":"string","des":"商户名字"},
      {"name":"icon", "type":"string","des":"商户图标"}
    ]
  },
  "addGoods02756":{
    "_links":"/addGoods02756",
    "des":"添加商品",
    "method":"POST",
    "params":[
      {"name":"id", "type":"string","des":"商户id"},
      {"name":"name", "type":"string","des":"商品名字"},
      {"name":"icon", "type":"string","des":"商品图标"}
    ]
  },
  "appStatus":{
    "_links":"/app/status",
    "des":"服务器信息",
    "method":"GET",
    "params":[
      {"name":"info", "type":"任意","des":"详细信息"}
    ]
  }
}
